{"train_loss": 7.226282119750977, "learning_rate": 9.999500000000001e-06, "epoch": 0, "_runtime": 1202, "_timestamp": 1650989545, "_step": 1, "_wandb": {"runtime": 89}}