{"train_loss": 7.532394886016846, "learning_rate": 9.998500000000001e-06, "epoch": 0, "_runtime": 60, "_timestamp": 1650929786, "_step": 3}