{"train_loss": 6.589005470275879, "learning_rate": 9.999500000000001e-06, "epoch": 0, "_runtime": 75018, "_timestamp": 1650987653, "_step": 1, "_wandb": {"runtime": 104}}