{"train_loss": 6.450270652770996, "learning_rate": 9.998000000000002e-06, "epoch": 0, "eval/exact_match": 0.0, "_runtime": 13, "_timestamp": 1650989727, "_step": 1}