{"train_loss": 7.731898784637451, "learning_rate": 9.999500000000001e-06, "epoch": 0, "_runtime": 7539, "_timestamp": 1650912105, "_step": 1, "_wandb": {"runtime": 66}}