{"train_loss": 7.918300151824951, "learning_rate": 9.999500000000001e-06, "epoch": 0, "_runtime": 86, "_timestamp": 1650987754, "_step": 1, "_wandb": {"runtime": 81}}