{"train_loss": 7.651862621307373, "learning_rate": 9.998500000000001e-06, "epoch": 0, "_runtime": 30, "_timestamp": 1650989710, "_step": 1, "_wandb": {"runtime": 5}}